No,GaAs,Ag mirror,Active region
AM1.5G,0.0061905,0.43005,0.0061905
AM1.5D,0.0057891,0.40682,0.0057891
AM0,0.0076169,0.54696,0.0076169
